{"stat.beaconInteraction":1,"stat.craftItem.minecraft.leather_leggings":7,"stat.pickup.minecraft.bone":3,"stat.useItem.minecraft.quartz_block":7,"stat.useItem.minecraft.repeater":16,"stat.leaveGame":20,"stat.useItem.minecraft.beacon":7,"stat.useItem.minecraft.skull":19,"stat.pickup.minecraft.leather_chestplate":2,"stat.drop.minecraft.enchanted_book":1,"stat.drop.minecraft.skull":27,"stat.swimOneCm":4114,"stat.pickup.minecraft.lime_shulker_box":5,"stat.useItem.minecraft.concrete_powder":40,"stat.climbOneCm":733,"stat.useItem.minecraft.end_rod":5,"stat.useItem.minecraft.redstone_torch":1,"stat.useItem.minecraft.dirt":4,"stat.drop.minecraft.writable_book":1,"stat.useItem.minecraft.mob_spawner":3,"stat.useItem.minecraft.water_bucket":5,"stat.pickup.minecraft.rotten_flesh":22,"stat.useItem.minecraft.anvil":12,"stat.flyOneCm":1994772,"stat.pickup.minecraft.dragon_egg":1,"stat.timeSinceDeath":44512,"stat.useItem.minecraft.spawn_egg":154,"stat.useItem.minecraft.iron_door":3,"stat.useItem.minecraft.noteblock":6,"stat.useItem.minecraft.lever":4,"stat.drop.minecraft.diamond_chestplate":1,"stat.pickup.minecraft.stonebrick":4,"stat.drop.minecraft.stained_glass":14,"stat.pickup.minecraft.carpet":7,"stat.pickup.minecraft.wooden_button":1,"stat.useItem.minecraft.armor_stand":1,"stat.drop.minecraft.red_flower":1,"stat.drop.minecraft.stone_slab":1,"stat.useItem.minecraft.double_plant":5,"stat.useItem.minecraft.redstone":6,"stat.useItem.minecraft.sea_lantern":39,"stat.drop.minecraft.diamond_helmet":1,"stat.pickup.minecraft.silver_shulker_box":7,"stat.useItem.minecraft.written_book":17,"stat.useItem.minecraft.trapdoor":38,"stat.useItem.minecraft.dragon_egg":1,"stat.useItem.minecraft.stained_glass":193,"stat.sprintOneCm":118936,"stat.pickup.minecraft.cyan_shulker_box":1,"stat.pickup.minecraft.skull":25,"stat.useItem.minecraft.stone_slab":171,"stat.pickup.minecraft.golden_carrot":1,"stat.drop.minecraft.golden_apple":128,"stat.pickup.minecraft.leather_leggings":2,"stat.pickup.minecraft.lever":1,"stat.deaths":7,"stat.drop":82,"stat.drop.minecraft.golden_carrot":1,"stat.playOneMinute":328958,"stat.craftItem.minecraft.leather_chestplate":4,"stat.pickup.minecraft.stone_button":1,"stat.useItem.minecraft.purpur_block":5,"stat.drop.minecraft.chest":1,"stat.drop.minecraft.diamond_pickaxe":1,"stat.chestOpened":43,"stat.useItem.minecraft.stone":6,"stat.useItem.minecraft.quartz_stairs":3,"stat.pickup.minecraft.arrow":2,"stat.drop.minecraft.cooked_beef":64,"stat.useItem.minecraft.lime_shulker_box":3,"stat.pickup.minecraft.gold_nugget":21,"stat.useItem.minecraft.carpet":155,"stat.useItem.minecraft.stained_glass_pane":2,"stat.pickup.minecraft.diamond_sword":2,"stat.jump":1032,"stat.useItem.minecraft.iron_trapdoor":33,"stat.fallOneCm":209,"stat.pickup.minecraft.carrot":2,"stat.drop.minecraft.diamond_sword":2,"stat.crouchOneCm":61999,"stat.useItem.minecraft.stone_button":2,"stat.craftingTableInteraction":9,"stat.pickup.minecraft.iron_axe":1,"stat.damageTaken":1340,"stat.pickup.minecraft.yellow_shulker_box":2,"stat.useItem.minecraft.stone_brick_stairs":46,"stat.pickup.minecraft.orange_shulker_box":9,"stat.noteblockTuned":15,"stat.useItem.minecraft.yellow_shulker_box":2,"stat.pickup.minecraft.stained_glass":1,"stat.useItem.minecraft.orange_shulker_box":3,"stat.damageDealt":181,"stat.useItem.minecraft.crafting_table":2,"stat.drop.minecraft.silver_shulker_box":1,"stat.useItem.minecraft.iron_bars":2,"stat.useItem.minecraft.command_block":13,"stat.walkOneCm":416995,"stat.useItem.minecraft.torch":2,"stat.useItem.minecraft.chest":9,"stat.pickup.minecraft.diamond_pickaxe":2,"stat.craftItem.minecraft.leather_boots":4,"stat.useItem.minecraft.emerald_block":99,"stat.useItem.minecraft.redstone_block":11,"stat.useItem.minecraft.item_frame":3,"stat.drop.minecraft.leather_chestplate":1,"stat.drop.minecraft.carrot":194,"stat.shulkerBoxOpened":11,"stat.drop.minecraft.diamond_leggings":1,"stat.useItem.minecraft.leaves":70,"stat.useItem.minecraft.concrete":414,"stat.drop.minecraft.bow":1,"stat.useItem.minecraft.barrier":18,"stat.drop.minecraft.yellow_shulker_box":1,"stat.drop.minecraft.diamond_boots":1,"stat.useItem.minecraft.stonebrick":597,"stat.pickup.minecraft.golden_sword":3,"stat.drop.minecraft.written_book":13,"stat.useItem.minecraft.cobblestone_wall":4,"stat.drop.minecraft.leather_leggings":1,"stat.useItem.minecraft.writable_book":6,"stat.pickup.minecraft.red_flower":344,"stat.sneakTime":19820,"stat.drop.minecraft.arrow":128,"stat.pickup.minecraft.stone_slab":1}