{"stat.craftItem.minecraft.leather_leggings":6,"stat.pickup.minecraft.bone":22,"stat.pickup.minecraft.redstone_torch":4,"stat.leaveGame":12,"stat.useItem.minecraft.skull":19,"stat.useItem.minecraft.diamond_sword":86,"stat.killEntity.PigZombie":71,"stat.swimOneCm":310,"stat.useItem.minecraft.concrete_powder":14,"stat.climbOneCm":2623,"stat.useItem.minecraft.end_rod":9,"stat.pickup.minecraft.iron_boots":1,"stat.pickup.minecraft.rotten_flesh":40,"stat.useItem.minecraft.magenta_shulker_box":1,"stat.useItem.minecraft.vine":360,"stat.useItem.minecraft.leaves2":1,"stat.useItem.minecraft.anvil":232,"stat.flyOneCm":1474932,"stat.pickup.minecraft.dragon_egg":1,"stat.timeSinceDeath":58461,"stat.hopperInspected":1,"stat.useItem.minecraft.fence_gate":3,"stat.useItem.minecraft.iron_door":6,"stat.useItem.minecraft.lever":23,"stat.killEntity.Creeper":2,"stat.useItem.minecraft.armor_stand":1,"stat.craftItem.minecraft.leather_helmet":1,"stat.useItem.minecraft.sea_lantern":32,"stat.useItem.minecraft.written_book":5,"stat.useItem.minecraft.dragon_egg":2,"stat.useItem.minecraft.trapdoor":2,"stat.sprintOneCm":100692,"stat.useItem.minecraft.stained_glass":4,"stat.useItem.minecraft.stone_stairs":6,"stat.pickup.minecraft.skull":1,"stat.useItem.minecraft.stone_slab":526,"stat.pickup.minecraft.magenta_shulker_box":1,"stat.useItem.minecraft.cauldron":91,"stat.useItem.minecraft.diamond_pickaxe":16,"stat.useItem.minecraft.hopper":7,"stat.pickup.minecraft.leather_leggings":1,"stat.pickup.minecraft.vine":58,"stat.pickup.minecraft.lever":1,"stat.deaths":19,"stat.drop":14,"stat.playOneMinute":288318,"stat.craftItem.minecraft.leather_chestplate":2,"stat.pickup.minecraft.stone_button":1,"stat.drop.minecraft.iron_boots":12,"stat.killEntity.Zombie":4,"stat.chestOpened":3,"stat.useItem.minecraft.splash_potion":1,"stat.useItem.minecraft.stone":339,"stat.pickup.minecraft.arrow":15,"stat.useItem.minecraft.white_shulker_box":1,"stat.pickup.minecraft.gold_nugget":33,"stat.pickup.minecraft.diamond_sword":1,"stat.jump":905,"stat.useItem.minecraft.iron_trapdoor":38,"stat.pickup.minecraft.coal":6,"stat.pickup.minecraft.white_shulker_box":1,"stat.fallOneCm":26631,"stat.drop.minecraft.diamond_sword":1,"stat.pickup.minecraft.gunpowder":1,"stat.crouchOneCm":33026,"stat.useItem.minecraft.stone_button":4,"stat.craftingTableInteraction":9,"stat.damageTaken":6580,"stat.useItem.minecraft.stone_brick_stairs":82,"stat.pickup.minecraft.written_book":34,"stat.noteblockTuned":26,"stat.pickup.minecraft.dye":2,"stat.damageDealt":21721,"stat.useItem.minecraft.crafting_table":1,"stat.useItem.minecraft.iron_bars":100,"stat.useItem.minecraft.command_block":31,"stat.walkOneCm":124191,"stat.useItem.minecraft.torch":10,"stat.playerKills":1,"stat.useItem.minecraft.observer":11,"stat.useItem.minecraft.cobblestone":33,"stat.craftItem.minecraft.leather_boots":7,"stat.useItem.minecraft.item_frame":7,"stat.shulkerBoxOpened":2,"stat.useItem.minecraft.stained_hardened_clay":5,"stat.useItem.minecraft.leaves":8,"stat.useItem.minecraft.concrete":1531,"stat.pickup.minecraft.banner":1,"stat.pickup.minecraft.gold_ingot":1,"stat.killEntity.Skeleton":14,"stat.useItem.minecraft.barrier":22,"stat.killEntity.WitherSkeleton":1,"stat.mobKills":96,"stat.useItem.minecraft.stonebrick":501,"stat.pickup.minecraft.golden_sword":2,"stat.useItem.minecraft.wooden_door":6,"stat.useItem.minecraft.monster_egg":35,"stat.useItem.minecraft.cobblestone_wall":265,"stat.drop.minecraft.leather_leggings":1,"stat.pickup.minecraft.torch":2,"stat.sneakTime":21525}