{"stat.chestOpened":1,"stat.useItem.minecraft.stone":63,"stat.leaveGame":6,"stat.useItem.minecraft.carpet":7,"stat.jump":501,"stat.swimOneCm":3611,"stat.useItem.minecraft.iron_trapdoor":8,"stat.fallOneCm":613,"stat.useItem.minecraft.planks":630,"stat.climbOneCm":196,"stat.crouchOneCm":13721,"stat.useItem.minecraft.dirt":27,"stat.useItem.minecraft.glass":38,"stat.damageTaken":220,"stat.useItem.minecraft.furnace":1,"stat.useItem.minecraft.slime":10,"stat.flyOneCm":780233,"stat.timeSinceDeath":110136,"stat.useItem.minecraft.crafting_table":1,"stat.useItem.minecraft.sign":2,"stat.useItem.minecraft.wooden_slab":58,"stat.useItem.minecraft.iron_bars":7,"stat.walkOneCm":77897,"stat.useItem.minecraft.torch":2,"stat.useItem.minecraft.chest":8,"stat.useItem.minecraft.lever":1,"stat.useItem.minecraft.log":138,"stat.useItem.minecraft.dark_oak_stairs":322,"stat.useItem.minecraft.redstone_block":1,"stat.useItem.minecraft.sea_lantern":6,"stat.useItem.minecraft.spruce_stairs":6,"stat.useItem.minecraft.written_book":4,"stat.useItem.minecraft.trapdoor":74,"stat.sprintOneCm":82480,"stat.useItem.minecraft.stained_glass":44,"stat.useItem.minecraft.tallgrass":14,"stat.useItem.minecraft.concrete":78,"stat.useItem.minecraft.dark_oak_door":11,"stat.useItem.minecraft.stone_slab":289,"stat.useItem.minecraft.bed":3,"stat.useItem.minecraft.barrier":60,"stat.useItem.minecraft.wooden_button":3,"stat.useItem.minecraft.stonebrick":208,"stat.drop.minecraft.written_book":1,"stat.useItem.minecraft.monster_egg":4,"stat.useItem.minecraft.cobblestone_wall":7,"stat.drop":1,"stat.playOneMinute":110136,"stat.useItem.minecraft.banner":4,"stat.sneakTime":7200,"stat.useItem.minecraft.web":4}