{"stat.useItem.minecraft.quartz_block":96,"stat.useItem.minecraft.painting":10,"stat.leaveGame":72,"stat.useItem.minecraft.bookshelf":29,"stat.useItem.minecraft.repeating_command_block":16,"stat.pickup.minecraft.lapis_block":2,"stat.drop.minecraft.trapdoor":1,"stat.drop.minecraft.skull":69,"stat.useItem.minecraft.planks":202,"stat.useItem.minecraft.nether_brick_stairs":37,"stat.useItem.minecraft.water_bucket":51,"stat.pickup.minecraft.rotten_flesh":1,"stat.useItem.minecraft.activator_rail":4,"stat.useItem.minecraft.vine":2,"stat.mineBlock.minecraft.wooden_slab":2,"stat.pickup.minecraft.leather_boots":1,"stat.useItem.minecraft.anvil":13,"stat.useItem.minecraft.spawn_egg":6,"stat.trappedChestTriggered":9,"stat.useItem.minecraft.dark_oak_stairs":10,"stat.pickup.minecraft.wooden_button":2,"stat.drop.minecraft.red_flower":1,"stat.drop.minecraft.stone_slab":69,"stat.craftItem.minecraft.leather_helmet":1,"stat.useItem.minecraft.redstone":118,"stat.drop.minecraft.stained_hardened_clay":1,"stat.useItem.minecraft.trapdoor":16,"stat.pickup.minecraft.cyan_shulker_box":2,"stat.useItem.minecraft.stained_glass":121,"stat.pickup.minecraft.skull":94,"stat.useItem.minecraft.cauldron":2,"stat.useItem.minecraft.flint_and_steel":26,"stat.useItem.minecraft.wooden_button":12,"stat.pickup.minecraft.lever":2,"stat.deaths":78,"stat.pickup.minecraft.egg":2,"stat.playOneMinute":1744571,"stat.pickup.minecraft.item_frame":2,"stat.pickup.minecraft.sea_lantern":1,"stat.drop.minecraft.chest":65,"stat.useItem.minecraft.jukebox":1,"stat.chestOpened":65,"stat.useItem.minecraft.splash_potion":65,"stat.useItem.minecraft.stone":569,"stat.useItem.minecraft.sponge":14,"stat.pickup.minecraft.waterlily":4,"stat.pickup.minecraft.arrow":25,"stat.pickup.minecraft.iron_sword":1,"stat.useItem.minecraft.white_shulker_box":1,"stat.useItem.minecraft.packed_ice":7,"stat.pickup.minecraft.cooked_chicken":1,"stat.fallOneCm":256536,"stat.drop.minecraft.stone":2,"stat.useItem.minecraft.trapped_chest":1,"stat.crouchOneCm":246786,"stat.useItem.minecraft.nether_brick_fence":14,"stat.craftingTableInteraction":7,"stat.pickup.minecraft.comparator":1,"stat.pickup.minecraft.yellow_shulker_box":4,"stat.pickup.minecraft.orange_shulker_box":13,"stat.drop.minecraft.concrete":4,"stat.pickup.minecraft.iron_leggings":2,"stat.useItem.minecraft.wool":168,"stat.pickup.minecraft.record_13":1,"stat.useItem.minecraft.iron_bars":91,"stat.flowerPotted":2,"stat.drop.minecraft.iron_axe":3,"stat.useItem.minecraft.torch":4,"stat.drop.minecraft.stone_brick_stairs":1,"stat.useItem.minecraft.log":164,"stat.useItem.minecraft.comparator":4,"stat.useItem.minecraft.cobblestone":7,"stat.craftItem.minecraft.leather_boots":3,"stat.pickup.minecraft.redstone_block":1,"stat.drop.minecraft.sign":1,"stat.drop.minecraft.stonebrick":3,"stat.drop.minecraft.carrot":64,"stat.drop.minecraft.lapis_block":2,"stat.pickup.minecraft.sapling":401,"stat.pickup.minecraft.banner":4,"stat.useItem.minecraft.glass_pane":3,"stat.useItem.minecraft.barrier":178,"stat.pickup.minecraft.diamond_helmet":1,"stat.useItem.minecraft.daylight_detector":3,"stat.useItem.minecraft.stonebrick":2090,"stat.useItem.minecraft.stone_hoe":17,"stat.useItem.minecraft.monster_egg":225,"stat.useItem.minecraft.spruce_door":21,"stat.pickup.minecraft.iron_door":13,"stat.pickup.minecraft.red_flower":130,"stat.sneakTime":68861,"stat.pickup.minecraft.wool":2,"stat.drop.minecraft.sea_lantern":2,"stat.useItem.minecraft.wooden_axe":1,"stat.pickup.minecraft.stone_slab":1,"stat.drop.minecraft.wooden_axe":1,"stat.pickup.minecraft.chest":1,"stat.craftItem.minecraft.leather_leggings":2,"stat.pickup.minecraft.bone":6,"stat.useItem.minecraft.repeater":54,"stat.pickup.minecraft.spruce_fence_gate":1,"stat.useItem.minecraft.iron_axe":3,"stat.useItem.minecraft.skull":15,"stat.pickup.minecraft.leather_chestplate":4,"stat.useItem.minecraft.diamond_sword":4,"stat.pickup.minecraft.lime_shulker_box":4,"stat.swimOneCm":27140,"stat.useItem.minecraft.concrete_powder":26,"stat.climbOneCm":17256,"stat.pickup.minecraft.writable_book":2,"stat.useItem.minecraft.redstone_torch":3,"stat.useItem.minecraft.dirt":126,"stat.drop.minecraft.writable_book":1,"stat.pickup.minecraft.iron_boots":4,"stat.flyOneCm":9157563,"stat.pickup.minecraft.redstone":67,"stat.timeSinceDeath":48912,"stat.useItem.minecraft.sign":100,"stat.useItem.minecraft.wooden_slab":103,"stat.useItem.minecraft.iron_door":206,"stat.drop.minecraft.repeater":6,"stat.useItem.minecraft.lever":17,"stat.pickup.minecraft.wooden_axe":1,"stat.pickup.minecraft.stonebrick":5,"stat.drop.minecraft.stained_glass":4,"stat.pickup.minecraft.carpet":13,"stat.drop.minecraft.wool":2,"stat.useItem.minecraft.armor_stand":1,"stat.useItem.minecraft.sea_lantern":65,"stat.useItem.minecraft.milk_bucket":4,"stat.pickup.minecraft.silver_shulker_box":9,"stat.useItem.minecraft.written_book":14,"stat.sprintOneCm":1059598,"stat.useItem.minecraft.stone_slab":1966,"stat.useItem.minecraft.bed":9,"stat.useItem.minecraft.stone_pressure_plate":7,"stat.pickup.minecraft.diamond_chestplate":1,"stat.pickup.minecraft.leather_leggings":2,"stat.drop":126,"stat.drop.minecraft.spruce_fence_gate":1,"stat.craftItem.minecraft.leather_chestplate":3,"stat.pickup.minecraft.stone_button":35,"stat.useItem.minecraft.banner":8,"stat.useItem.minecraft.ladder":9,"stat.useItem.minecraft.purpur_block":15,"stat.drop.minecraft.redstone_block":1,"stat.killEntity.Zombie":1,"stat.diveOneCm":21067,"stat.useItem.minecraft.sticky_piston":18,"stat.useItem.minecraft.quartz_stairs":89,"stat.useItem.minecraft.carpet":50,"stat.useItem.minecraft.flower_pot":2,"stat.jump":4243,"stat.useItem.minecraft.iron_trapdoor":7,"stat.pickup.minecraft.white_shulker_box":1,"stat.useItem.minecraft.stone_button":40,"stat.useItem.minecraft.light_weighted_pressure_plate":3,"stat.useItem.minecraft.glass":7,"stat.drop.minecraft.barrier":1,"stat.pickup.minecraft.command_block":132,"stat.useItem.minecraft.redstone_lamp":3,"stat.pickup.minecraft.iron_axe":1,"stat.damageTaken":28536,"stat.useItem.minecraft.stone_brick_stairs":57,"stat.pickup.minecraft.written_book":20,"stat.drop.minecraft.stone_button":33,"stat.pickup.minecraft.quartz_block":1,"stat.useItem.minecraft.magma":2,"stat.pickup.minecraft.stained_glass":1,"stat.damageDealt":520,"stat.useItem.minecraft.crafting_table":3,"stat.useItem.minecraft.command_block":210,"stat.walkOneCm":1817716,"stat.useItem.minecraft.chest":21,"stat.playerKills":4,"stat.useItem.minecraft.tnt":16,"stat.useItem.minecraft.redstone_block":83,"stat.useItem.minecraft.item_frame":8,"stat.shulkerBoxOpened":6,"stat.useItem.minecraft.spruce_stairs":46,"stat.useItem.minecraft.stained_hardened_clay":284,"stat.useItem.minecraft.leaves":3,"stat.drop.minecraft.command_block":10,"stat.pickup.minecraft.ladder":59,"stat.useItem.minecraft.concrete":1153,"stat.useItem.minecraft.netherrack":3,"stat.pickup.minecraft.barrier":1,"stat.killEntity.Chicken":1,"stat.drop.minecraft.yellow_shulker_box":1,"stat.mobKills":2,"stat.drop.minecraft.repeating_command_block":1,"stat.drop.minecraft.written_book":18,"stat.useItem.minecraft.cobblestone_wall":386,"stat.useItem.minecraft.writable_book":10,"stat.drop.minecraft.quartz_block":2,"stat.useItem.minecraft.sandstone":2}