{"stat.useItem.minecraft.bow":19,"stat.walkOneCm":31726,"stat.drop.minecraft.diamond_chestplate":1,"stat.leaveGame":9,"stat.useItem.minecraft.skull":1,"stat.jump":53,"stat.drop.minecraft.skull":3,"stat.useItem.minecraft.double_plant":2,"stat.fallOneCm":6535,"stat.drop.minecraft.diamond_helmet":1,"stat.crouchOneCm":2161,"stat.drop.minecraft.diamond_leggings":1,"stat.useItem.minecraft.dirt":2,"stat.useItem.minecraft.trapdoor":6,"stat.sprintOneCm":4703,"stat.useItem.minecraft.stained_glass":67,"stat.useItem.minecraft.concrete":16,"stat.pickup.minecraft.skull":2,"stat.damageTaken":1020,"stat.killEntity.WitherSkeleton":3,"stat.useItem.minecraft.daylight_detector":2,"stat.drop.minecraft.golden_apple":128,"stat.drop.minecraft.diamond_boots":1,"stat.mobKills":3,"stat.flyOneCm":288457,"stat.deaths":3,"stat.drop":9,"stat.playOneMinute":70001,"stat.sneakTime":1549,"stat.damageDealt":19,"stat.timeSinceDeath":69352,"stat.useItem.minecraft.spawn_egg":32}