{"stat.craftItem.minecraft.leather_leggings":10,"stat.useItem.minecraft.quartz_block":15,"stat.pickup.minecraft.redstone_torch":1,"stat.leaveGame":21,"stat.useItem.minecraft.skull":19,"stat.useItem.minecraft.diamond_sword":5,"stat.drop.minecraft.skull":6,"stat.swimOneCm":10549,"stat.useItem.minecraft.concrete_powder":85,"stat.climbOneCm":7157,"stat.useItem.minecraft.planks":10,"stat.craftItem.minecraft.shield":1,"stat.useItem.minecraft.redstone_torch":2,"stat.useItem.minecraft.dirt":136,"stat.useItem.minecraft.mob_spawner":2,"stat.pickup.minecraft.iron_boots":2,"stat.useItem.minecraft.water_bucket":3,"stat.pickup.minecraft.anvil":3,"stat.useItem.minecraft.vine":29,"stat.pickup.minecraft.observer":1,"stat.pickup.minecraft.cobblestone":1,"stat.pickup.minecraft.iron_trapdoor":1,"stat.drop.minecraft.rabbit_hide":1,"stat.flyOneCm":4289019,"stat.pickup.minecraft.redstone":1,"stat.timeSinceDeath":168288,"stat.useItem.minecraft.sign":6,"stat.useItem.minecraft.spawn_egg":3,"stat.useItem.minecraft.wooden_slab":7,"stat.useItem.minecraft.iron_door":16,"stat.pickup.minecraft.wooden_axe":1,"stat.pickup.minecraft.stonebrick":4,"stat.drop.minecraft.stained_glass":1,"stat.pickup.minecraft.carpet":3,"stat.useItem.minecraft.silver_shulker_box":2,"stat.useItem.minecraft.redstone":1,"stat.useItem.minecraft.sea_lantern":5,"stat.drop.minecraft.anvil":1,"stat.pickup.minecraft.nether_star":2,"stat.useItem.minecraft.written_book":24,"stat.pickup.minecraft.cauldron":1,"stat.useItem.minecraft.trapdoor":33,"stat.useItem.minecraft.dragon_egg":5,"stat.sprintOneCm":454188,"stat.useItem.minecraft.stained_glass":103,"stat.pickup.minecraft.end_rod":1,"stat.pickup.minecraft.skull":67,"stat.useItem.minecraft.stone_slab":258,"stat.useItem.minecraft.flint_and_steel":11,"stat.useItem.minecraft.magenta_glazed_terracotta":10,"stat.useItem.minecraft.wooden_button":3,"stat.useItem.minecraft.stone_pressure_plate":1,"stat.pickup.minecraft.leather_leggings":2,"stat.pickup.minecraft.lever":2,"stat.deaths":11,"stat.drop":31,"stat.playOneMinute":489264,"stat.craftItem.minecraft.leather_chestplate":20,"stat.useItem.minecraft.cake":1,"stat.pickup.minecraft.stone_button":1,"stat.drop.minecraft.iron_boots":1,"stat.pickup.minecraft.iron_bars":1,"stat.diveOneCm":5253,"stat.chestOpened":19,"stat.useItem.minecraft.stone":126,"stat.drop.minecraft.wooden_pickaxe":1,"stat.useItem.minecraft.quartz_stairs":28,"stat.useItem.minecraft.white_shulker_box":1,"stat.useItem.minecraft.carpet":32,"stat.useItem.minecraft.stained_glass_pane":5,"stat.pickup.minecraft.diamond_sword":4,"stat.jump":2212,"stat.useItem.minecraft.iron_trapdoor":14,"stat.useItem.minecraft.wooden_hoe":3,"stat.useItem.minecraft.experience_bottle":196,"stat.fallOneCm":3045,"stat.drop.minecraft.dye":1,"stat.drop.minecraft.diamond_sword":4,"stat.crouchOneCm":55711,"stat.craftItem.minecraft.banner":6,"stat.useItem.minecraft.stone_button":5,"stat.craftingTableInteraction":23,"stat.useItem.minecraft.redstone_lamp":2,"stat.damageTaken":2436,"stat.pickup.minecraft.yellow_shulker_box":2,"stat.useItem.minecraft.stone_brick_stairs":82,"stat.pickup.minecraft.written_book":37,"stat.useItem.minecraft.wooden_pickaxe":2,"stat.pickup.minecraft.monster_egg":1,"stat.pickup.minecraft.dye":2,"stat.useItem.minecraft.yellow_shulker_box":3,"stat.pickup.minecraft.rabbit_hide":1,"stat.pickup.minecraft.stained_glass":13,"stat.useItem.minecraft.orange_shulker_box":1,"stat.damageDealt":560,"stat.killEntity.Rabbit":2,"stat.drop.minecraft.carpet":3,"stat.drop.minecraft.mob_spawner":64,"stat.useItem.minecraft.crafting_table":2,"stat.useItem.minecraft.iron_bars":7,"stat.useItem.minecraft.command_block":4,"stat.mineBlock.minecraft.monster_egg":2,"stat.walkOneCm":478745,"stat.playerKills":3,"stat.craftItem.minecraft.leather_boots":14,"stat.drop.minecraft.sign":1,"stat.drop.minecraft.leather_chestplate":3,"stat.shulkerBoxOpened":8,"stat.pickup.minecraft.hopper":1,"stat.useItem.minecraft.stained_hardened_clay":38,"stat.useItem.minecraft.leaves":4,"stat.useItem.minecraft.concrete":223,"stat.useItem.minecraft.barrier":301,"stat.useItem.minecraft.daylight_detector":2,"stat.mobKills":7,"stat.useItem.minecraft.stonebrick":607,"stat.drop.minecraft.written_book":17,"stat.useItem.minecraft.monster_egg":4,"stat.useItem.minecraft.cobblestone_wall":63,"stat.drop.minecraft.leather_leggings":4,"stat.drop.minecraft.cake":1,"stat.useItem.minecraft.writable_book":3,"stat.pickup.minecraft.red_flower":95,"stat.sneakTime":23855,"stat.pickup.minecraft.stone_slab":1,"stat.useItem.minecraft.sandstone":12,"stat.useItem.minecraft.web":6}