{"stat.chestOpened":17,"stat.useItem.minecraft.bow":13,"stat.pickup.minecraft.bone":3,"stat.useItem.minecraft.stone":7,"stat.leaveGame":6,"stat.pickup.minecraft.arrow":130,"stat.useItem.minecraft.waterlily":10,"stat.breakItem.minecraft.diamond_leggings":1,"stat.pickup.minecraft.gold_nugget":54,"stat.useItem.minecraft.diamond_sword":264,"stat.pickup.minecraft.diamond_sword":1,"stat.killEntity.PigZombie":34,"stat.jump":797,"stat.swimOneCm":241,"stat.useItem.minecraft.concrete_powder":4,"stat.fallOneCm":1019968,"stat.pickup.minecraft.enchanted_book":1,"stat.climbOneCm":1451,"stat.crouchOneCm":78763,"stat.pickup.minecraft.bow":1,"stat.pickup.minecraft.rotten_flesh":46,"stat.useItem.minecraft.red_flower":1,"stat.pickup.minecraft.iron_axe":2,"stat.damageTaken":96447,"stat.drop.minecraft.bone":2,"stat.pickup.minecraft.diamond_leggings":2,"stat.flyOneCm":384089,"stat.pickup.minecraft.potato":1,"stat.useItem.minecraft.cooked_beef":1,"stat.damageDealt":13588,"stat.drop.minecraft.gold_ingot":1,"stat.useItem.minecraft.wool":5,"stat.timeSinceDeath":4958,"stat.killEntity.VindicationIllager":18,"stat.drop.minecraft.golden_sword":6,"stat.useItem.minecraft.iron_door":2,"stat.drop.minecraft.iron_axe":2,"stat.walkOneCm":122191,"stat.pickup.minecraft.golden_apple":256,"stat.drop.minecraft.rotten_flesh":46,"stat.pickup.minecraft.carpet":2,"stat.breakItem.minecraft.diamond_chestplate":1,"stat.shulkerBoxOpened":1,"stat.drop.minecraft.gold_nugget":54,"stat.drop.minecraft.potato":1,"stat.useItem.minecraft.written_book":6,"stat.sprintOneCm":119836,"stat.useItem.minecraft.stained_glass":3,"stat.pickup.minecraft.cooked_beef":64,"stat.useItem.minecraft.concrete":13,"stat.breakItem.minecraft.diamond_helmet":1,"stat.pickup.minecraft.gold_ingot":1,"stat.killEntity.Skeleton":3,"stat.useItem.minecraft.barrier":14,"stat.pickup.minecraft.diamond_helmet":2,"stat.killEntity.WitherSkeleton":9,"stat.useItem.minecraft.diamond_pickaxe":9,"stat.mobKills":78,"stat.pickup.minecraft.diamond_chestplate":2,"stat.pickup.minecraft.emerald":9,"stat.pickup.minecraft.diamond_boots":2,"stat.useItem.minecraft.stonebrick":3,"stat.pickup.minecraft.golden_sword":6,"stat.breakItem.minecraft.diamond_boots":1,"stat.useItem.minecraft.golden_apple":94,"stat.deaths":18,"stat.drop":18,"stat.playOneMinute":94387,"stat.pickup.minecraft.red_flower":1,"stat.sneakTime":7342,"stat.killEntity.Zombie":11,"stat.drop.minecraft.arrow":2,"stat.drop.minecraft.diamond_pickaxe":2,"stat.useItem.minecraft.sandstone":75}