{"stat.craftItem.minecraft.leather_leggings":3,"stat.drop.minecraft.armor_stand":1,"stat.leaveGame":4,"stat.useItem.minecraft.skull":45,"stat.pickup.minecraft.leather_chestplate":3,"stat.useItem.minecraft.diamond_sword":1,"stat.useItem.minecraft.glowstone":40,"stat.swimOneCm":1053,"stat.drop.minecraft.skull":211,"stat.useItem.minecraft.planks":16,"stat.climbOneCm":920,"stat.craftItem.minecraft.shield":1,"stat.useItem.minecraft.nether_brick_stairs":2,"stat.useItem.minecraft.dirt":1,"stat.drop.minecraft.quartz_stairs":1,"stat.pickup.minecraft.quartz_stairs":1,"stat.pickup.minecraft.leather_boots":1,"stat.flyOneCm":966134,"stat.timeSinceDeath":14506,"stat.useItem.minecraft.wooden_slab":16,"stat.useItem.minecraft.lever":2,"stat.useItem.minecraft.oak_stairs":3,"stat.pickup.minecraft.stonebrick":2,"stat.pickup.minecraft.iron_shovel":1,"stat.useItem.minecraft.armor_stand":5,"stat.drop.minecraft.stone_slab":1,"stat.useItem.minecraft.sea_lantern":19,"stat.useItem.minecraft.written_book":1,"stat.useItem.minecraft.trapdoor":5,"stat.sprintOneCm":241732,"stat.useItem.minecraft.stained_glass":19,"stat.useItem.minecraft.stone_slab":28,"stat.useItem.minecraft.flint_and_steel":195,"stat.pickup.minecraft.leather_leggings":1,"stat.pickup.minecraft.lever":2,"stat.deaths":2,"stat.drop":27,"stat.playOneMinute":118897,"stat.craftItem.minecraft.leather_chestplate":4,"stat.useItem.minecraft.banner":9,"stat.pickup.minecraft.sea_lantern":1,"stat.useItem.minecraft.birch_stairs":8,"stat.chestOpened":4,"stat.useItem.minecraft.stone":2,"stat.useItem.minecraft.quartz_stairs":6,"stat.useItem.minecraft.carpet":7,"stat.drop.minecraft.banner":1,"stat.useItem.minecraft.stained_glass_pane":62,"stat.pickup.minecraft.stone_brick_stairs":1,"stat.pickup.minecraft.diamond_sword":1,"stat.jump":1652,"stat.useItem.minecraft.iron_trapdoor":29,"stat.fallOneCm":3082,"stat.drop.minecraft.dye":1,"stat.crouchOneCm":24175,"stat.breakItem.minecraft.leather_chestplate":1,"stat.drop.minecraft.iron_shovel":1,"stat.craftingTableInteraction":12,"stat.pickup.minecraft.command_block":2,"stat.brewingstandInteraction":2,"stat.damageTaken":5091,"stat.useItem.minecraft.stone_brick_stairs":1,"stat.pickup.minecraft.written_book":1,"stat.drop.minecraft.concrete":4,"stat.breakItem.minecraft.leather_boots":1,"stat.pickup.minecraft.dye":1,"stat.pickup.minecraft.planks":1,"stat.pickup.minecraft.concrete":1,"stat.useItem.minecraft.magma":2,"stat.useItem.minecraft.enchanting_table":1,"stat.damageDealt":200,"stat.useItem.minecraft.crafting_table":2,"stat.useItem.minecraft.iron_bars":44,"stat.useItem.minecraft.command_block":1,"stat.walkOneCm":197196,"stat.useItem.minecraft.torch":1,"stat.playerKills":1,"stat.drop.minecraft.stone_brick_stairs":2,"stat.useItem.minecraft.log":1,"stat.craftItem.minecraft.leather_boots":3,"stat.drop.minecraft.stonebrick":2,"stat.drop.minecraft.leather_chestplate":2,"stat.drop.minecraft.planks":1,"stat.useItem.minecraft.spruce_stairs":1,"stat.drop.minecraft.wooden_slab":1,"stat.drop.minecraft.command_block":1,"stat.useItem.minecraft.concrete":216,"stat.drop.minecraft.lever":1,"stat.itemEnchanted":1,"stat.useItem.minecraft.stonebrick":18,"stat.useItem.minecraft.spruce_door":2,"stat.pickup.minecraft.torch":1,"stat.sneakTime":8408,"stat.drop.minecraft.sea_lantern":1,"stat.pickup.minecraft.stone_slab":2,"stat.useItem.minecraft.brewing_stand":2,"stat.breakItem.minecraft.leather_leggings":1}