{"stat.beaconInteraction":1,"stat.craftItem.minecraft.leather_leggings":3,"stat.useItem.minecraft.quartz_block":122,"stat.leaveGame":16,"stat.useItem.minecraft.skull":8,"stat.pickup.minecraft.leather_chestplate":1,"stat.useItem.minecraft.diamond_sword":5,"stat.useItem.minecraft.glowstone":11,"stat.pickup.minecraft.lime_shulker_box":4,"stat.drop.minecraft.skull":186,"stat.swimOneCm":13706,"stat.useItem.minecraft.concrete_powder":2,"stat.climbOneCm":1140,"stat.useItem.minecraft.planks":13,"stat.useItem.minecraft.nether_brick_stairs":28,"stat.useItem.minecraft.dirt":120,"stat.useItem.minecraft.magenta_shulker_box":1,"stat.drop.minecraft.leather_boots":1,"stat.useItem.minecraft.vine":4,"stat.useItem.minecraft.birch_boat":1,"stat.pickup.minecraft.leather_boots":1,"stat.flyOneCm":1551118,"stat.timeSinceDeath":16878,"stat.useItem.minecraft.sign":49,"stat.cauldronFilled":3,"stat.useItem.minecraft.wooden_slab":19,"stat.useItem.minecraft.lever":6,"stat.pickup.minecraft.carpet":9,"stat.drop.minecraft.wool":2,"stat.useItem.minecraft.armor_stand":2,"stat.useItem.minecraft.silver_shulker_box":2,"stat.craftItem.minecraft.leather_helmet":1,"stat.useItem.minecraft.redstone":3,"stat.useItem.minecraft.sea_lantern":29,"stat.pickup.minecraft.silver_shulker_box":6,"stat.useItem.minecraft.spruce_fence":40,"stat.useItem.minecraft.blue_shulker_box":1,"stat.useItem.minecraft.trapdoor":23,"stat.sprintOneCm":312822,"stat.pickup.minecraft.cyan_shulker_box":1,"stat.useItem.minecraft.stained_glass":325,"stat.useItem.minecraft.fence":12,"stat.pickup.minecraft.skull":179,"stat.useItem.minecraft.stone_slab":594,"stat.pickup.minecraft.magenta_shulker_box":3,"stat.useItem.minecraft.cauldron":4,"stat.useItem.minecraft.wooden_button":5,"stat.useItem.minecraft.hopper":3,"stat.drop.minecraft.tipped_arrow":1,"stat.pickup.minecraft.blue_shulker_box":2,"stat.pickup.minecraft.lever":1,"stat.deaths":11,"stat.drop":74,"stat.playOneMinute":415016,"stat.craftItem.minecraft.leather_chestplate":3,"stat.diveOneCm":4229,"stat.chestOpened":11,"stat.pickup.minecraft.sign":2,"stat.useItem.minecraft.stone":24,"stat.useItem.minecraft.quartz_stairs":40,"stat.useItem.minecraft.lime_shulker_box":1,"stat.pickup.minecraft.red_shulker_box":2,"stat.useItem.minecraft.carpet":50,"stat.useItem.minecraft.stained_glass_pane":19,"stat.pickup.minecraft.diamond_sword":1,"stat.jump":2087,"stat.useItem.minecraft.iron_trapdoor":1,"stat.pickup.minecraft.white_shulker_box":2,"stat.fallOneCm":6525,"stat.drop.minecraft.dye":1,"stat.pickup.minecraft.carrot":64,"stat.crouchOneCm":55207,"stat.useItem.minecraft.stone_button":15,"stat.craftingTableInteraction":6,"stat.useItem.minecraft.glass":2,"stat.boatOneCm":3994,"stat.useItem.minecraft.light_blue_shulker_box":2,"stat.pickup.minecraft.command_block":1,"stat.useItem.minecraft.redstone_lamp":4,"stat.pickup.minecraft.wooden_pickaxe":1,"stat.damageTaken":2490,"stat.useItem.minecraft.red_shulker_box":1,"stat.pickup.minecraft.yellow_shulker_box":3,"stat.useItem.minecraft.stone_brick_stairs":7,"stat.pickup.minecraft.orange_shulker_box":10,"stat.drop.minecraft.concrete":1,"stat.pickup.minecraft.dye":2,"stat.useItem.minecraft.yellow_shulker_box":1,"stat.useItem.minecraft.enchanting_table":1,"stat.useItem.minecraft.orange_shulker_box":3,"stat.pickup.minecraft.pink_shulker_box":2,"stat.damageDealt":209,"stat.useItem.minecraft.wool":22,"stat.useItem.minecraft.crafting_table":4,"stat.drop.minecraft.silver_shulker_box":1,"stat.useItem.minecraft.iron_bars":14,"stat.useItem.minecraft.command_block":7,"stat.walkOneCm":414973,"stat.useItem.minecraft.chest":1,"stat.playerKills":1,"stat.useItem.minecraft.log":78,"stat.pickup.minecraft.crafting_table":1,"stat.pickup.minecraft.light_blue_shulker_box":3,"stat.drop.minecraft.vine":59,"stat.craftItem.minecraft.leather_boots":4,"stat.useItem.minecraft.emerald_block":5,"stat.useItem.minecraft.lava_bucket":151,"stat.drop.minecraft.sign":2,"stat.drop.minecraft.orange_shulker_box":1,"stat.shulkerBoxOpened":16,"stat.useItem.minecraft.spruce_stairs":209,"stat.pickup.minecraft.tipped_arrow":1,"stat.useItem.minecraft.stained_hardened_clay":4,"stat.useItem.minecraft.leaves":104,"stat.useItem.minecraft.concrete":1077,"stat.useItem.minecraft.barrier":36,"stat.useItem.minecraft.monster_egg":705,"stat.useItem.minecraft.cobblestone_wall":48,"stat.pickup.minecraft.red_flower":283,"stat.sneakTime":19019,"stat.drop.minecraft.quartz_block":1}