{"stat.chestOpened":2,"stat.useItem.minecraft.iron_bars":16,"stat.walkOneCm":98043,"stat.leaveGame":14,"stat.useItem.minecraft.skull":1,"stat.useItem.minecraft.armor_stand":1,"stat.useItem.minecraft.potion":1,"stat.useItem.minecraft.stained_glass_pane":10,"stat.useItem.minecraft.glowstone":39,"stat.jump":398,"stat.swimOneCm":2125,"stat.drop.minecraft.skull":1,"stat.fallOneCm":6194,"stat.useItem.minecraft.nether_brick_stairs":2,"stat.useItem.minecraft.sea_lantern":8,"stat.shulkerBoxOpened":2,"stat.crouchOneCm":8527,"stat.useItem.minecraft.written_book":1,"stat.useItem.minecraft.stained_hardened_clay":1,"stat.sprintOneCm":105710,"stat.useItem.minecraft.concrete":58,"stat.pickup.minecraft.skull":1,"stat.craftingTableInteraction":1,"stat.useItem.minecraft.stone_slab":23,"stat.useItem.minecraft.redstone_lamp":1,"stat.pickup.minecraft.iron_axe":1,"stat.useItem.minecraft.flint_and_steel":5,"stat.brewingstandInteraction":1,"stat.damageTaken":39266,"stat.pickup.minecraft.written_book":1,"stat.useItem.minecraft.daylight_detector":1,"stat.flyOneCm":740286,"stat.deaths":5,"stat.useItem.minecraft.cobblestone_wall":3,"stat.drop":1,"stat.playOneMinute":81162,"stat.sneakTime":3921,"stat.timeSinceDeath":33943,"stat.useItem.minecraft.wooden_slab":2,"stat.mineBlock.minecraft.tallgrass":2}