{"stat.chestOpened":2,"stat.useItem.minecraft.splash_potion":4,"stat.walkOneCm":3886,"stat.useItem.minecraft.chest":1,"stat.useItem.minecraft.stone":69,"stat.leaveGame":4,"stat.useItem.minecraft.lava_bucket":1,"stat.useItem.minecraft.silver_shulker_box":2,"stat.drop.minecraft.skull":4,"stat.jump":49,"stat.swimOneCm":1509,"stat.climbOneCm":16,"stat.fallOneCm":5764,"stat.drop.minecraft.stone":2,"stat.shulkerBoxOpened":2,"stat.crouchOneCm":468,"stat.sprintOneCm":3337,"stat.pickup.minecraft.skull":1,"stat.useItem.minecraft.concrete":22,"stat.useItem.minecraft.water_bucket":45,"stat.useItem.minecraft.barrier":10,"stat.damageTaken":1700,"stat.flyOneCm":93388,"stat.deaths":7,"stat.drop":6,"stat.playOneMinute":18142,"stat.sneakTime":935,"stat.timeSinceDeath":0,"stat.diveOneCm":1858}