{"stat.chestOpened":2,"stat.useItem.minecraft.stone":32,"stat.leaveGame":4,"stat.useItem.minecraft.lime_shulker_box":2,"stat.useItem.minecraft.soul_sand":2,"stat.useItem.minecraft.stained_glass_pane":2,"stat.pickup.minecraft.diamond_sword":1,"stat.jump":231,"stat.pickup.minecraft.lime_shulker_box":2,"stat.swimOneCm":1419,"stat.pickup.minecraft.white_shulker_box":1,"stat.climbOneCm":788,"stat.drop.minecraft.diamond_sword":1,"stat.crouchOneCm":24576,"stat.useItem.minecraft.redstone_torch":2,"stat.useItem.minecraft.dirt":8,"stat.useItem.minecraft.water_bucket":248,"stat.useItem.minecraft.vine":6,"stat.pickup.minecraft.anvil":2,"stat.damageTaken":760,"stat.pickup.minecraft.orange_shulker_box":1,"stat.useItem.minecraft.anvil":2,"stat.flyOneCm":423079,"stat.damageDealt":10,"stat.timeSinceDeath":34737,"stat.walkOneCm":150164,"stat.trappedChestTriggered":1,"stat.drop.minecraft.stone_slab":1,"stat.shulkerBoxOpened":2,"stat.useItem.minecraft.spruce_stairs":1,"stat.pickup.minecraft.chicken":1,"stat.useItem.minecraft.spruce_fence":1,"stat.pickup.minecraft.sapling":86,"stat.sprintOneCm":71030,"stat.useItem.minecraft.concrete":1,"stat.useItem.minecraft.netherrack":1,"stat.useItem.minecraft.stone_slab":22,"stat.useItem.minecraft.barrier":1567,"stat.useItem.minecraft.stone_pressure_plate":7,"stat.pickup.minecraft.stone_sword":1,"stat.useItem.minecraft.stonebrick":40,"stat.useItem.minecraft.mossy_cobblestone":11,"stat.deaths":3,"stat.useItem.minecraft.cobblestone_wall":59,"stat.drop":2,"stat.playOneMinute":51166,"stat.sneakTime":3407,"stat.diveOneCm":9,"stat.useItem.minecraft.web":14}