{"stat.chestOpened":6,"stat.walkOneCm":153760,"stat.boatOneCm":10148,"stat.useItem.minecraft.chest":1,"stat.drop.minecraft.diamond_chestplate":1,"stat.leaveGame":1,"stat.useItem.minecraft.birch_boat":2,"stat.useItem.minecraft.silver_shulker_box":1,"stat.flyOneCm":70872,"stat.useItem.minecraft.boat":2,"stat.useItem.minecraft.cobblestone_wall":1,"stat.drop":1,"stat.jump":102,"stat.swimOneCm":4746,"stat.playOneMinute":10693,"stat.fallOneCm":269,"stat.sneakTime":883,"stat.useItem.minecraft.orange_shulker_box":1,"stat.shulkerBoxOpened":3,"stat.crouchOneCm":15761,"stat.useItem.minecraft.cyan_shulker_box":1,"stat.timeSinceDeath":10693,"stat.sprintOneCm":255999,"stat.useItem.minecraft.concrete":3}