{"stat.chestOpened":18,"stat.useItem.minecraft.stone":14,"stat.leaveGame":8,"stat.useItem.minecraft.bookshelf":26,"stat.jump":685,"stat.swimOneCm":3925,"stat.fallOneCm":22103,"stat.climbOneCm":1565,"stat.useItem.minecraft.planks":12,"stat.useItem.minecraft.end_rod":3,"stat.crouchOneCm":35977,"stat.useItem.minecraft.dirt":27,"stat.useItem.minecraft.stone_button":2,"stat.useItem.minecraft.water_bucket":22,"stat.useItem.minecraft.glass":4,"stat.damageTaken":23270,"stat.drop.minecraft.concrete":3,"stat.flyOneCm":625980,"stat.pickup.minecraft.concrete":1,"stat.useItem.minecraft.enchanting_table":2,"stat.timeSinceDeath":63477,"stat.useItem.minecraft.sign":4,"stat.useItem.minecraft.wooden_slab":7,"stat.useItem.minecraft.iron_door":5,"stat.useItem.minecraft.iron_bars":3,"stat.walkOneCm":131556,"stat.useItem.minecraft.pumpkin":6,"stat.useItem.minecraft.log":51,"stat.pickup.minecraft.stonebrick":1,"stat.useItem.minecraft.dark_oak_stairs":18,"stat.drop.minecraft.stone_slab":2,"stat.drop.minecraft.sign":1,"stat.drop.minecraft.iron_door":1,"stat.drop.minecraft.stonebrick":3,"stat.useItem.minecraft.sea_lantern":2,"stat.useItem.minecraft.written_book":2,"stat.useItem.minecraft.stained_hardened_clay":11,"stat.useItem.minecraft.leaves":7,"stat.sprintOneCm":48530,"stat.pickup.minecraft.skull":64,"stat.useItem.minecraft.concrete":87,"stat.pickup.minecraft.barrier":1,"stat.useItem.minecraft.stone_slab":45,"stat.useItem.minecraft.barrier":15,"stat.useItem.minecraft.cauldron":4,"stat.useItem.minecraft.stonebrick":238,"stat.drop.minecraft.cobblestone_wall":1,"stat.deaths":4,"stat.useItem.minecraft.monster_egg":1,"stat.useItem.minecraft.cobblestone_wall":3,"stat.drop":11,"stat.useItem.minecraft.writable_book":4,"stat.playOneMinute":191020,"stat.sneakTime":9614,"stat.diveOneCm":6269}