{"stat.beaconInteraction":1,"stat.useItem.minecraft.bow":7,"stat.drop.minecraft.waterlily":1,"stat.useItem.minecraft.quartz_block":16,"stat.useItem.minecraft.painting":9,"stat.leaveGame":40,"stat.useItem.minecraft.soul_sand":9,"stat.useItem.minecraft.glowstone":5,"stat.drop.minecraft.trapdoor":1,"stat.drop.minecraft.skull":40,"stat.useItem.minecraft.planks":456,"stat.useItem.minecraft.water_bucket":162,"stat.useItem.minecraft.vine":20,"stat.drop.minecraft.leather_boots":1,"stat.useItem.minecraft.anvil":5,"stat.useItem.minecraft.spawn_egg":18,"stat.pickup.minecraft.stained_hardened_clay":1,"stat.useItem.minecraft.oak_stairs":5,"stat.furnaceInteraction":1,"stat.pickup.minecraft.wooden_button":4,"stat.drop.minecraft.red_flower":166,"stat.drop.minecraft.stone_slab":1,"stat.useItem.minecraft.redstone":7,"stat.drop.minecraft.diamond_helmet":1,"stat.drop.minecraft.stained_hardened_clay":1,"stat.drop.minecraft.wooden_button":2,"stat.drop.minecraft.monster_egg":1,"stat.useItem.minecraft.trapdoor":32,"stat.useItem.minecraft.stained_glass":211,"stat.useItem.minecraft.fence":7,"stat.pickup.minecraft.skull":10,"stat.drop.minecraft.stone_pressure_plate":1,"stat.useItem.minecraft.flint_and_steel":470,"stat.useItem.minecraft.wooden_button":8,"stat.useItem.minecraft.dye":280,"stat.deaths":39,"stat.playOneMinute":1078302,"stat.pickup.minecraft.iron_bars":2,"stat.chestOpened":35,"stat.useItem.minecraft.stone":4,"stat.pickup.minecraft.waterlily":1,"stat.useItem.minecraft.experience_bottle":38,"stat.fallOneCm":100130,"stat.drop.minecraft.dye":8,"stat.crouchOneCm":98834,"stat.useItem.minecraft.nether_brick_fence":12,"stat.pickup.minecraft.painting":1,"stat.craftingTableInteraction":26,"stat.useItem.minecraft.purple_glazed_terracotta":26,"stat.drop.minecraft.rabbit":1,"stat.useItem.minecraft.furnace":1,"stat.drop.minecraft.concrete":3,"stat.pickup.minecraft.dye":8,"stat.killEntity.Rabbit":1,"stat.drop.minecraft.carpet":1,"stat.useItem.minecraft.wool":355,"stat.pickup.minecraft.flint_and_steel":1,"stat.useItem.minecraft.torch":4,"stat.useItem.minecraft.log":34,"stat.craftItem.minecraft.leather_boots":6,"stat.drop.minecraft.sign":3,"stat.pickup.minecraft.sapling":388,"stat.useItem.minecraft.glass_pane":9,"stat.useItem.minecraft.birch_door":1,"stat.useItem.minecraft.wooden_pressure_plate":2,"stat.useItem.minecraft.stonebrick":698,"stat.useItem.minecraft.green_glazed_terracotta":2,"stat.useItem.minecraft.monster_egg":541,"stat.useItem.minecraft.spruce_door":8,"stat.drop.minecraft.leather_leggings":1,"stat.pickup.minecraft.iron_door":1,"stat.pickup.minecraft.red_flower":166,"stat.sneakTime":45459,"stat.pickup.minecraft.wool":1,"stat.pickup.minecraft.rabbit":1,"stat.pickup.minecraft.stone_slab":2,"stat.craftItem.minecraft.leather_leggings":10,"stat.pickup.minecraft.redstone_torch":1,"stat.pickup.minecraft.stone_pressure_plate":1,"stat.useItem.minecraft.repeater":4,"stat.useItem.minecraft.skull":29,"stat.pickup.minecraft.leather_chestplate":1,"stat.useItem.minecraft.diamond_sword":73,"stat.swimOneCm":63111,"stat.useItem.minecraft.concrete_powder":16,"stat.climbOneCm":3709,"stat.mineBlock.minecraft.spruce_stairs":1,"stat.pickup.minecraft.cooked_porkchop":5,"stat.useItem.minecraft.redstone_torch":29,"stat.useItem.minecraft.dirt":1050,"stat.pickup.minecraft.iron_boots":15,"stat.flyOneCm":4257803,"stat.drop.minecraft.light_blue_glazed_terracotta":1,"stat.pickup.minecraft.dragon_egg":1,"stat.timeSinceDeath":137389,"stat.useItem.minecraft.sign":44,"stat.useItem.minecraft.iron_door":13,"stat.drop.minecraft.repeater":1,"stat.useItem.minecraft.lever":5,"stat.pickup.minecraft.cake":1,"stat.drop.minecraft.iron_bars":2,"stat.drop.minecraft.stained_glass":1,"stat.drop.minecraft.flint_and_steel":1,"stat.drop.minecraft.dirt":7,"stat.pickup.minecraft.carpet":3,"stat.drop.minecraft.wool":3,"stat.useItem.minecraft.armor_stand":5,"stat.drop.minecraft.spawn_egg":1,"stat.useItem.minecraft.sea_lantern":2,"stat.drop.minecraft.oak_stairs":3,"stat.useItem.minecraft.written_book":10,"stat.useItem.minecraft.spruce_fence":2,"stat.useItem.minecraft.dragon_egg":12,"stat.sprintOneCm":325258,"stat.useItem.minecraft.stone_slab":2006,"stat.useItem.minecraft.bed":2,"stat.useItem.minecraft.stone_pressure_plate":4,"stat.useItem.minecraft.ender_eye":4,"stat.pickup.minecraft.spawn_egg":1,"stat.pickup.minecraft.vine":1,"stat.drop":111,"stat.craftItem.minecraft.leather_chestplate":9,"stat.useItem.minecraft.cake":1,"stat.pickup.minecraft.stone_button":5,"stat.useItem.minecraft.banner":24,"stat.useItem.minecraft.ladder":12,"stat.drop.minecraft.iron_boots":5,"stat.useItem.minecraft.light_blue_glazed_terracotta":37,"stat.diveOneCm":122982,"stat.useItem.minecraft.sticky_piston":8,"stat.pickup.minecraft.sign":2,"stat.drop.minecraft.ladder":1,"stat.useItem.minecraft.carpet":13,"stat.useItem.minecraft.potion":2,"stat.useItem.minecraft.stained_glass_pane":1,"stat.useItem.minecraft.flower_pot":4,"stat.jump":2110,"stat.useItem.minecraft.iron_trapdoor":1,"stat.useItem.minecraft.sand":5,"stat.useItem.minecraft.piston":16,"stat.useItem.minecraft.stone_button":24,"stat.drop.minecraft.piston":1,"stat.drop.minecraft.glass":1,"stat.useItem.minecraft.glass":152,"stat.pickup.minecraft.command_block":1,"stat.damageTaken":12478,"stat.pickup.minecraft.written_book":1,"stat.drop.minecraft.stone_button":2,"stat.useItem.minecraft.end_portal_frame":4,"stat.pickup.minecraft.concrete":2,"stat.pickup.minecraft.oak_stairs":3,"stat.damageDealt":1184,"stat.useItem.minecraft.snow_layer":69,"stat.useItem.minecraft.pink_glazed_terracotta":7,"stat.useItem.minecraft.crafting_table":6,"stat.useItem.minecraft.command_block":4,"stat.walkOneCm":713725,"stat.useItem.minecraft.chest":1,"stat.playerKills":2,"stat.useItem.minecraft.dark_oak_fence_gate":2,"stat.useItem.minecraft.lava_bucket":215,"stat.useItem.minecraft.item_frame":32,"stat.drop.minecraft.leather_chestplate":2,"stat.shulkerBoxOpened":2,"stat.useItem.minecraft.spruce_stairs":6,"stat.useItem.minecraft.stained_hardened_clay":226,"stat.useItem.minecraft.leaves":10,"stat.drop.minecraft.command_block":2,"stat.drop.minecraft.wooden_slab":4,"stat.pickup.minecraft.ladder":6,"stat.useItem.minecraft.cactus":8,"stat.useItem.minecraft.concrete":1151,"stat.mobKills":3,"stat.drop.minecraft.written_book":17,"stat.useItem.minecraft.cobblestone_wall":94,"stat.useItem.minecraft.writable_book":2,"stat.drop.minecraft.spruce_stairs":1,"stat.pickup.minecraft.spruce_stairs":1,"stat.useItem.minecraft.sandstone":13}