{"stat.chestOpened":3,"stat.craftItem.minecraft.leather_leggings":1,"stat.useItem.minecraft.painting":1,"stat.useItem.minecraft.stone":8,"stat.useItem.minecraft.quartz_stairs":5,"stat.useItem.minecraft.repeater":1,"stat.leaveGame":8,"stat.useItem.minecraft.repeating_command_block":3,"stat.useItem.minecraft.diamond_sword":2,"stat.useItem.minecraft.glowstone":8,"stat.useItem.minecraft.flower_pot":1,"stat.jump":798,"stat.swimOneCm":907,"stat.useItem.minecraft.iron_trapdoor":32,"stat.fallOneCm":1226,"stat.climbOneCm":196,"stat.useItem.minecraft.planks":26,"stat.drop.minecraft.diamond_sword":1,"stat.crouchOneCm":14005,"stat.useItem.minecraft.stone_button":2,"stat.useItem.minecraft.dirt":6,"stat.craftingTableInteraction":2,"stat.useItem.minecraft.redstone_lamp":5,"stat.useItem.minecraft.activator_rail":16,"stat.drop.minecraft.leather_boots":1,"stat.damageTaken":5105,"stat.flyOneCm":815394,"stat.pickup.minecraft.concrete":2,"stat.useItem.minecraft.birch_fence":4,"stat.killEntity.Villager":1,"stat.damageDealt":310,"stat.useItem.minecraft.wool":1,"stat.timeSinceDeath":8215,"stat.useItem.minecraft.sign":1,"stat.useItem.minecraft.crafting_table":2,"stat.useItem.minecraft.iron_door":15,"stat.flowerPotted":2,"stat.useItem.minecraft.iron_bars":1,"stat.useItem.minecraft.command_block":2,"stat.walkOneCm":195062,"stat.pickup.minecraft.armor_stand":1,"stat.playerKills":1,"stat.useItem.minecraft.oak_stairs":1,"stat.craftItem.minecraft.leather_boots":1,"stat.useItem.minecraft.armor_stand":5,"stat.useItem.minecraft.item_frame":11,"stat.drop.minecraft.leather_chestplate":3,"stat.useItem.minecraft.redstone":1,"stat.useItem.minecraft.sea_lantern":42,"stat.useItem.minecraft.spruce_stairs":10,"stat.useItem.minecraft.written_book":2,"stat.useItem.minecraft.stained_hardened_clay":3,"stat.sprintOneCm":132445,"stat.drop.minecraft.command_block":1,"stat.useItem.minecraft.concrete":63,"stat.pickup.minecraft.skull":1,"stat.useItem.minecraft.stone_slab":59,"stat.drop.minecraft.lever":1,"stat.useItem.minecraft.barrier":31,"stat.useItem.minecraft.flint_and_steel":1,"stat.useItem.minecraft.daylight_detector":2,"stat.mobKills":1,"stat.useItem.minecraft.stonebrick":23,"stat.drop.minecraft.written_book":2,"stat.deaths":2,"stat.useItem.minecraft.cobblestone_wall":150,"stat.drop":10,"stat.drop.minecraft.leather_leggings":1,"stat.playOneMinute":123381,"stat.craftItem.minecraft.leather_chestplate":1,"stat.useItem.minecraft.banner":32,"stat.sneakTime":5852,"stat.diveOneCm":2660}