{"stat.beaconInteraction":3,"stat.craftItem.minecraft.leather_leggings":5,"stat.useItem.minecraft.string":5,"stat.useItem.minecraft.bow":12,"stat.pickup.minecraft.tripwire_hook":1,"stat.pickup.minecraft.bone":2,"stat.useItem.minecraft.quartz_block":33,"stat.useItem.minecraft.painting":2,"stat.pickup.minecraft.redstone_torch":5,"stat.useItem.minecraft.repeater":50,"stat.leaveGame":36,"stat.drop.minecraft.tripwire_hook":1,"stat.useItem.minecraft.beacon":5,"stat.useItem.minecraft.bookshelf":12,"stat.useItem.minecraft.skull":8,"stat.useItem.minecraft.repeating_command_block":28,"stat.useItem.minecraft.diamond_sword":3,"stat.useItem.minecraft.glowstone":22,"stat.swimOneCm":11033,"stat.pickup.minecraft.lime_shulker_box":2,"stat.useItem.minecraft.concrete_powder":4,"stat.climbOneCm":6111,"stat.useItem.minecraft.planks":128,"stat.useItem.minecraft.nether_brick_stairs":35,"stat.useItem.minecraft.redstone_torch":51,"stat.useItem.minecraft.dirt":177,"stat.useItem.minecraft.mob_spawner":26,"stat.useItem.minecraft.water_bucket":3,"stat.useItem.minecraft.activator_rail":9,"stat.useItem.minecraft.vine":4,"stat.useItem.minecraft.rail":1,"stat.pickup.minecraft.iron_trapdoor":1,"stat.useItem.minecraft.anvil":58,"stat.flyOneCm":6125064,"stat.pickup.minecraft.chainmail_chestplate":1,"stat.pickup.minecraft.redstone":17,"stat.timeSinceDeath":54470,"stat.useItem.minecraft.sign":69,"stat.useItem.minecraft.spawn_egg":74,"stat.useItem.minecraft.wooden_slab":89,"stat.useItem.minecraft.iron_door":105,"stat.drop.minecraft.repeater":1,"stat.trappedChestTriggered":7,"stat.useItem.minecraft.lever":38,"stat.pickup.minecraft.wooden_axe":1,"stat.useItem.minecraft.oak_stairs":4,"stat.pickup.minecraft.stonebrick":1,"stat.useItem.minecraft.command_block_minecart":1,"stat.craftItem.minecraft.leather_helmet":1,"stat.useItem.minecraft.redstone":287,"stat.useItem.minecraft.sea_lantern":145,"stat.useItem.minecraft.written_book":77,"stat.useItem.minecraft.trapdoor":92,"stat.sprintOneCm":517930,"stat.useItem.minecraft.stained_glass":80,"stat.pickup.minecraft.skull":5,"stat.useItem.minecraft.stone_slab":518,"stat.useItem.minecraft.cauldron":3,"stat.useItem.minecraft.flint_and_steel":2,"stat.useItem.minecraft.wooden_button":4,"stat.useItem.minecraft.stone_pressure_plate":1,"stat.pickup.minecraft.lever":2,"stat.deaths":24,"stat.drop":23,"stat.playOneMinute":932749,"stat.craftItem.minecraft.leather_chestplate":5,"stat.pickup.minecraft.stone_button":5,"stat.useItem.minecraft.jungle_stairs":2,"stat.useItem.minecraft.banner":92,"stat.useItem.minecraft.purpur_block":3,"stat.killEntity.Zombie":1,"stat.pickup.minecraft.item_frame":5,"stat.drop.minecraft.white_shulker_box":2,"stat.diveOneCm":18239,"stat.chestOpened":30,"stat.useItem.minecraft.sticky_piston":12,"stat.pickup.minecraft.sign":6,"stat.useItem.minecraft.stone":285,"stat.useItem.minecraft.quartz_stairs":24,"stat.pickup.minecraft.arrow":2,"stat.useItem.minecraft.lime_shulker_box":3,"stat.useItem.minecraft.white_shulker_box":3,"stat.useItem.minecraft.carpet":69,"stat.useItem.minecraft.stained_glass_pane":7,"stat.pickup.minecraft.diamond_sword":1,"stat.useItem.minecraft.flower_pot":2,"stat.jump":3757,"stat.useItem.minecraft.iron_trapdoor":75,"stat.pickup.minecraft.white_shulker_box":2,"stat.pickup.minecraft.iron_ingot":1,"stat.fallOneCm":16162,"stat.pickup.minecraft.carrot":64,"stat.useItem.minecraft.piston":32,"stat.drop.minecraft.diamond_sword":2,"stat.pickup.minecraft.gunpowder":2,"stat.crouchOneCm":112004,"stat.craftItem.minecraft.banner":1,"stat.useItem.minecraft.stone_button":166,"stat.craftingTableInteraction":12,"stat.useItem.minecraft.glass":52,"stat.drop.minecraft.barrier":1,"stat.pickup.minecraft.comparator":2,"stat.pickup.minecraft.repeater":3,"stat.damageTaken":76285,"stat.useItem.minecraft.dark_oak_fence":22,"stat.useItem.minecraft.stone_brick_stairs":19,"stat.pickup.minecraft.written_book":3,"stat.useItem.minecraft.birch_fence":4,"stat.pickup.minecraft.stained_glass":1,"stat.useItem.minecraft.orange_shulker_box":1,"stat.damageDealt":582,"stat.useItem.minecraft.wool":30,"stat.useItem.minecraft.snow_layer":19,"stat.useItem.minecraft.record_13":1,"stat.useItem.minecraft.crafting_table":7,"stat.useItem.minecraft.iron_bars":1,"stat.flowerPotted":2,"stat.useItem.minecraft.command_block":92,"stat.walkOneCm":1196172,"stat.useItem.minecraft.chest":5,"stat.playerKills":2,"stat.useItem.minecraft.log":30,"stat.useItem.minecraft.comparator":9,"stat.useItem.minecraft.tnt":82,"stat.craftItem.minecraft.leather_boots":5,"stat.useItem.minecraft.emerald_block":8,"stat.drop.minecraft.stonebrick":1,"stat.useItem.minecraft.item_frame":66,"stat.useItem.minecraft.birch_fence_gate":1,"stat.shulkerBoxOpened":10,"stat.useItem.minecraft.spruce_stairs":241,"stat.useItem.minecraft.stained_hardened_clay":83,"stat.pickup.minecraft.sapling":52,"stat.drop.minecraft.command_block":4,"stat.pickup.minecraft.ladder":31,"stat.useItem.minecraft.concrete":1115,"stat.useItem.minecraft.glass_pane":1,"stat.useItem.minecraft.netherrack":4,"stat.killEntity.Skeleton":1,"stat.useItem.minecraft.tripwire_hook":10,"stat.drop.minecraft.lever":1,"stat.useItem.minecraft.barrier":229,"stat.drop.minecraft.comparator":3,"stat.mobKills":2,"stat.useItem.minecraft.stonebrick":1350,"stat.drop.minecraft.written_book":50,"stat.useItem.minecraft.monster_egg":406,"stat.useItem.minecraft.mossy_cobblestone":1,"stat.useItem.minecraft.cobblestone_wall":273,"stat.useItem.minecraft.spruce_door":5,"stat.pickup.minecraft.iron_door":2,"stat.pickup.minecraft.red_flower":8,"stat.sneakTime":47800,"stat.drop.minecraft.lime_shulker_box":1,"stat.pickup.minecraft.stone_slab":1,"stat.pickup.minecraft.yellow_flower":174,"stat.drop.minecraft.wooden_axe":1}