{"stat.craftItem.minecraft.leather_leggings":2,"stat.chestOpened":12,"stat.useItem.minecraft.quartz_block":160,"stat.useItem.minecraft.quartz_stairs":21,"stat.leaveGame":14,"stat.useItem.minecraft.skull":14,"stat.useItem.minecraft.carpet":21,"stat.useItem.minecraft.diamond_sword":9,"stat.jump":1193,"stat.drop.minecraft.skull":7,"stat.swimOneCm":868,"stat.climbOneCm":3902,"stat.crouchOneCm":9905,"stat.useItem.minecraft.dirt":2,"stat.useItem.minecraft.stone_button":12,"stat.useItem.minecraft.water_bucket":21,"stat.craftingTableInteraction":7,"stat.useItem.minecraft.glass":6,"stat.useItem.minecraft.red_flower":4,"stat.drop.minecraft.barrier":1,"stat.pickup.minecraft.command_block":4,"stat.damageTaken":1680,"stat.useItem.minecraft.stone_brick_stairs":13,"stat.flyOneCm":1224272,"stat.damageDealt":599,"stat.timeSinceDeath":1888,"stat.useItem.minecraft.crafting_table":4,"stat.useItem.minecraft.iron_door":7,"stat.useItem.minecraft.command_block":100,"stat.pickup.minecraft.double_plant":1,"stat.walkOneCm":353448,"stat.useItem.minecraft.torch":7,"stat.trappedChestTriggered":2,"stat.useItem.minecraft.chest":5,"stat.useItem.minecraft.log":30,"stat.drop.minecraft.lingering_potion":1,"stat.pickup.minecraft.stonebrick":6,"stat.craftItem.minecraft.leather_boots":2,"stat.pickup.minecraft.wooden_button":1,"stat.useItem.minecraft.sea_lantern":3,"stat.useItem.minecraft.written_book":2,"stat.sprintOneCm":129756,"stat.useItem.minecraft.stained_glass":278,"stat.drop.minecraft.command_block":900,"stat.pickup.minecraft.ladder":8,"stat.useItem.minecraft.concrete":86,"stat.pickup.minecraft.skull":29,"stat.pickup.minecraft.barrier":1,"stat.useItem.minecraft.stone_slab":38,"stat.useItem.minecraft.barrier":40,"stat.useItem.minecraft.lingering_potion":16,"stat.useItem.minecraft.stonebrick":184,"stat.pickup.minecraft.lever":1,"stat.deaths":9,"stat.drop":30,"stat.playOneMinute":263198,"stat.craftItem.minecraft.leather_chestplate":2,"stat.useItem.minecraft.ladder":8,"stat.sneakTime":4496,"stat.useItem.minecraft.purpur_block":119,"stat.drop.minecraft.chest":2,"stat.drop.minecraft.wooden_axe":1,"stat.useItem.minecraft.sandstone":48}