{"stat.chestOpened":5,"stat.useItem.minecraft.iron_bars":25,"stat.drop.minecraft.iron_axe":2,"stat.useItem.minecraft.command_block":2,"stat.walkOneCm":147788,"stat.useItem.minecraft.torch":1,"stat.useItem.minecraft.quartz_block":5,"stat.playerKills":5,"stat.pickup.minecraft.wooden_slab":1,"stat.useItem.minecraft.chest":2,"stat.useItem.minecraft.repeater":1,"stat.leaveGame":1,"stat.useItem.minecraft.bookshelf":18,"stat.drop.minecraft.wool":1,"stat.useItem.minecraft.repeating_command_block":1,"stat.pickup.minecraft.stained_glass_pane":2,"stat.useItem.minecraft.stained_glass_pane":35,"stat.useItem.minecraft.glowstone":68,"stat.useItem.minecraft.packed_ice":4,"stat.drop.minecraft.iron_door":1,"stat.jump":426,"stat.swimOneCm":579,"stat.useItem.minecraft.iron_trapdoor":42,"stat.climbOneCm":3014,"stat.fallOneCm":204989,"stat.useItem.minecraft.planks":17,"stat.useItem.minecraft.redstone":1,"stat.useItem.minecraft.item_frame":53,"stat.useItem.minecraft.nether_brick_stairs":11,"stat.useItem.minecraft.sea_lantern":3,"stat.useItem.minecraft.spruce_stairs":2,"stat.crouchOneCm":7759,"stat.useItem.minecraft.written_book":3,"stat.useItem.minecraft.stone_button":5,"stat.useItem.minecraft.dirt":115,"stat.useItem.minecraft.trapdoor":1,"stat.sprintOneCm":90481,"stat.useItem.minecraft.concrete":139,"stat.useItem.minecraft.stone_slab":6,"stat.pickup.minecraft.iron_axe":3,"stat.useItem.minecraft.barrier":4,"stat.useItem.minecraft.flint_and_steel":16,"stat.damageTaken":19803,"stat.useItem.minecraft.stone_pressure_plate":1,"stat.useItem.minecraft.stone_brick_stairs":1,"stat.drop.minecraft.stone_button":1,"stat.useItem.minecraft.stonebrick":107,"stat.flyOneCm":799533,"stat.deaths":49,"stat.drop":6,"stat.useItem.minecraft.birch_fence":19,"stat.playOneMinute":108145,"stat.pickup.minecraft.stone_button":2,"stat.useItem.minecraft.banner":2,"stat.sneakTime":3943,"stat.pickup.minecraft.wool":1,"stat.damageDealt":366,"stat.pickup.minecraft.item_frame":2,"stat.timeSinceDeath":5838,"stat.drop.minecraft.torch":1,"stat.useItem.minecraft.wooden_axe":1,"stat.useItem.minecraft.spawn_egg":7,"stat.useItem.minecraft.wooden_slab":13,"stat.diveOneCm":2222,"stat.useItem.minecraft.iron_door":8}