{"stat.chestOpened":18,"stat.craftItem.minecraft.leather_leggings":3,"stat.useItem.minecraft.lapis_block":1,"stat.drop.minecraft.red_shulker_box":1,"stat.useItem.minecraft.repeater":3,"stat.leaveGame":16,"stat.useItem.minecraft.lime_shulker_box":5,"stat.useItem.minecraft.skull":19,"stat.useItem.minecraft.white_shulker_box":1,"stat.useItem.minecraft.carpet":15,"stat.jump":558,"stat.drop.minecraft.skull":147,"stat.pickup.minecraft.lime_shulker_box":3,"stat.swimOneCm":817,"stat.pickup.minecraft.white_shulker_box":1,"stat.useItem.minecraft.concrete_powder":6,"stat.fallOneCm":6129,"stat.climbOneCm":346,"stat.craftItem.minecraft.shield":1,"stat.drop.minecraft.dye":1,"stat.useItem.minecraft.piston":2,"stat.crouchOneCm":39092,"stat.craftItem.minecraft.banner":5,"stat.craftingTableInteraction":10,"stat.drop.minecraft.barrier":2,"stat.useItem.minecraft.light_blue_shulker_box":2,"stat.pickup.minecraft.command_block":2,"stat.useItem.minecraft.magenta_shulker_box":2,"stat.damageTaken":2804,"stat.pickup.minecraft.orange_shulker_box":2,"stat.drop.minecraft.concrete":2,"stat.flyOneCm":1211778,"stat.useItem.minecraft.orange_shulker_box":2,"stat.useItem.minecraft.wool":4,"stat.timeSinceDeath":44834,"stat.useItem.minecraft.crafting_table":3,"stat.drop.minecraft.silver_shulker_box":1,"stat.useItem.minecraft.command_block":35,"stat.walkOneCm":133333,"stat.drop.minecraft.light_blue_shulker_box":1,"stat.pickup.minecraft.light_blue_glazed_terracotta":1,"stat.pickup.minecraft.light_blue_shulker_box":2,"stat.drop.minecraft.stained_glass":1,"stat.craftItem.minecraft.leather_boots":2,"stat.drop.minecraft.magenta_shulker_box":2,"stat.pickup.minecraft.carpet":7,"stat.drop.minecraft.wool":1,"stat.useItem.minecraft.armor_stand":1,"stat.useItem.minecraft.redstone_block":7,"stat.useItem.minecraft.redstone":1,"stat.drop.minecraft.pink_shulker_box":1,"stat.drop.minecraft.stained_hardened_clay":1,"stat.shulkerBoxOpened":22,"stat.drop.minecraft.orange_shulker_box":2,"stat.drop.minecraft.blue_shulker_box":1,"stat.useItem.minecraft.stained_hardened_clay":10,"stat.useItem.minecraft.trapdoor":25,"stat.useItem.minecraft.leaves":3,"stat.useItem.minecraft.blue_shulker_box":1,"stat.sprintOneCm":44697,"stat.useItem.minecraft.stained_glass":6,"stat.drop.minecraft.command_block":6,"stat.pickup.minecraft.skull":77,"stat.useItem.minecraft.concrete":14,"stat.pickup.minecraft.banner":16,"stat.useItem.minecraft.stone_slab":1,"stat.pickup.minecraft.magenta_shulker_box":2,"stat.useItem.minecraft.barrier":107,"stat.drop.minecraft.crafting_table":1,"stat.drop.minecraft.yellow_shulker_box":1,"stat.pickup.minecraft.blue_shulker_box":1,"stat.deaths":13,"stat.useItem.minecraft.monster_egg":3,"stat.drop":51,"stat.playOneMinute":229003,"stat.craftItem.minecraft.leather_chestplate":2,"stat.useItem.minecraft.banner":5,"stat.sneakTime":32366,"stat.drop.minecraft.lime_shulker_box":3,"stat.drop.minecraft.white_shulker_box":2}