{"stat.chestOpened":20,"stat.useItem.minecraft.quartz_block":2,"stat.useItem.minecraft.stone":31,"stat.useItem.minecraft.repeater":7,"stat.leaveGame":12,"stat.useItem.minecraft.skull":1,"stat.drop.minecraft.redstone":64,"stat.useItem.minecraft.stained_glass_pane":5,"stat.jump":508,"stat.swimOneCm":33,"stat.useItem.minecraft.concrete_powder":7,"stat.fallOneCm":30141,"stat.climbOneCm":4444,"stat.useItem.minecraft.planks":4,"stat.craftItem.minecraft.shield":2,"stat.drop.minecraft.stone":1,"stat.useItem.minecraft.piston":4,"stat.crouchOneCm":12325,"stat.craftItem.minecraft.banner":1,"stat.useItem.minecraft.stone_button":15,"stat.craftingTableInteraction":11,"stat.drop.minecraft.stained_glass_pane":64,"stat.useItem.minecraft.diamond_hoe":4,"stat.damageTaken":2630,"stat.pickup.minecraft.written_book":1,"stat.drop.minecraft.stone_button":3,"stat.flyOneCm":1231461,"stat.damageDealt":54,"stat.timeSinceDeath":13238,"stat.useItem.minecraft.sign":42,"stat.useItem.minecraft.crafting_table":1,"stat.useItem.minecraft.wooden_slab":4,"stat.useItem.minecraft.iron_door":45,"stat.useItem.minecraft.command_block":21,"stat.walkOneCm":206211,"stat.useItem.minecraft.torch":5,"stat.trappedChestTriggered":1,"stat.playerKills":2,"stat.useItem.minecraft.lever":12,"stat.furnaceInteraction":1,"stat.drop.minecraft.stonebrick":2,"stat.useItem.minecraft.redstone":4,"stat.useItem.minecraft.sea_lantern":1,"stat.useItem.minecraft.spruce_stairs":4,"stat.useItem.minecraft.written_book":13,"stat.useItem.minecraft.stained_hardened_clay":14,"stat.sprintOneCm":130451,"stat.drop.minecraft.command_block":1,"stat.useItem.minecraft.concrete":127,"stat.useItem.minecraft.stone_slab":24,"stat.useItem.minecraft.barrier":1,"stat.useItem.minecraft.wooden_button":10,"stat.useItem.minecraft.stonebrick":85,"stat.drop.minecraft.written_book":1,"stat.deaths":10,"stat.useItem.minecraft.monster_egg":7,"stat.useItem.minecraft.cobblestone_wall":1,"stat.drop":10,"stat.useItem.minecraft.writable_book":2,"stat.playOneMinute":121634,"stat.pickup.minecraft.stone_button":1,"stat.sneakTime":4421,"stat.diveOneCm":615}