{"stat.craftItem.minecraft.leather_leggings":1,"stat.chestOpened":8,"stat.useItem.minecraft.quartz_block":6,"stat.pickup.minecraft.sign":1,"stat.useItem.minecraft.repeater":6,"stat.leaveGame":12,"stat.useItem.minecraft.skull":17,"stat.useItem.minecraft.carpet":3,"stat.drop.minecraft.banner":1,"stat.jump":606,"stat.swimOneCm":4538,"stat.drop.minecraft.skull":64,"stat.useItem.minecraft.snow":12,"stat.useItem.minecraft.concrete_powder":41,"stat.climbOneCm":226,"stat.fallOneCm":6739,"stat.useItem.minecraft.planks":460,"stat.pickup.minecraft.carrot":128,"stat.crouchOneCm":49349,"stat.craftItem.minecraft.banner":8,"stat.useItem.minecraft.dirt":1,"stat.useItem.minecraft.mob_spawner":1,"stat.craftingTableInteraction":7,"stat.drop.minecraft.leather_boots":1,"stat.damageTaken":2550,"stat.useItem.minecraft.stone_brick_stairs":317,"stat.useItem.minecraft.gold_block":68,"stat.flyOneCm":2699091,"stat.pickup.minecraft.mob_spawner":64,"stat.pickup.minecraft.redstone":2,"stat.useItem.minecraft.wool":2276,"stat.timeSinceDeath":126947,"stat.useItem.minecraft.crafting_table":3,"stat.useItem.minecraft.sign":2,"stat.useItem.minecraft.command_block":4,"stat.pickup.minecraft.double_plant":2,"stat.walkOneCm":125584,"stat.pickup.minecraft.golden_apple":64,"stat.pickup.minecraft.diamond_pickaxe":1,"stat.useItem.minecraft.oak_stairs":141,"stat.craftItem.minecraft.leather_boots":3,"stat.pickup.minecraft.carpet":1,"stat.useItem.minecraft.armor_stand":1,"stat.useItem.minecraft.double_plant":4,"stat.useItem.minecraft.redstone":3,"stat.useItem.minecraft.item_frame":7,"stat.useItem.minecraft.sea_lantern":1,"stat.useItem.minecraft.stained_hardened_clay":1152,"stat.sprintOneCm":33864,"stat.useItem.minecraft.stained_glass":22,"stat.pickup.minecraft.skull":13,"stat.useItem.minecraft.concrete":714,"stat.useItem.minecraft.stone_slab":22,"stat.useItem.minecraft.barrier":9,"stat.drop.minecraft.golden_apple":64,"stat.useItem.minecraft.stonebrick":7,"stat.deaths":11,"stat.drop":4,"stat.playOneMinute":463270,"stat.craftItem.minecraft.leather_chestplate":1,"stat.useItem.minecraft.banner":10,"stat.sneakTime":58467,"stat.useItem.minecraft.sandstone":16}